,vix,eurusd
Accuracy,0.7091633466135459,0.6454183266932271
RMSE,0.32835388028580126,0.3864174963715071
